{
  "schema_version": 1,
  "calibration_version": "identity_5fold_platt_v1",
  "created_at": "2026-07-12T05:15:01.982729+00:00",
  "model_provider": "arcface_onnx",
  "model_sha256": "f3a6bc281e72f88862f5748b53be3d76b3b48f8f1ab1f4a537941bdc4e1b01da",
  "dataset_sha256": "bc4818999eb6bcab0547ed01c9063f1f949d846829845c47a83530729cf70f8f",
  "split_seed": 2025,
  "folds": 5,
  "target_fmr": 0.001,
  "threshold": 0.26751700000000006,
  "operating_point": "identity_5fold_fmr_1e-03",
  "score_calibration": {
    "method": "balanced_platt_logistic",
    "coefficient": 15.681549153667255,
    "intercept": -3.9009530538599995,
    "real_probability": false
  },
  "cross_validation": {
    "aggregate": {
      "genuine_pairs": 200,
      "impostor_pairs": 15600,
      "fmr": 0.001217948717948718,
      "fnmr": 0.04,
      "auc": 0.9860913461538461,
      "balanced_brier": 0.019025046383473746
    },
    "folds": [
      {
        "genuine_pairs": 40,
        "impostor_pairs": 3120,
        "false_matches": 0,
        "false_non_matches": 1,
        "fmr": 0.0,
        "fnmr": 0.025,
        "fmr_95ci": [
          0.0,
          0.0011816344779059821
        ],
        "fnmr_95ci": [
          0.0006327449320494195,
          0.1315858584827657
        ],
        "fold": 0,
        "threshold": 0.27336200000000005,
        "auc": 0.9934294871794872
      },
      {
        "genuine_pairs": 40,
        "impostor_pairs": 3120,
        "false_matches": 7,
        "false_non_matches": 2,
        "fmr": 0.0022435897435897434,
        "fnmr": 0.05,
        "fmr_95ci": [
          0.0009025003725881679,
          0.004617155121711578
        ],
        "fnmr_95ci": [
          0.006113646599350838,
          0.16919686395941758
        ],
        "fold": 1,
        "threshold": 0.2689210000000001,
        "auc": 0.975576923076923
      },
      {
        "genuine_pairs": 40,
        "impostor_pairs": 3120,
        "false_matches": 2,
        "false_non_matches": 0,
        "fmr": 0.000641025641025641,
        "fnmr": 0.0,
        "fmr_95ci": [
          7.764060879841219e-05,
          0.002313667000414364
        ],
        "fnmr_95ci": [
          0.0,
          0.08809730287880237
        ],
        "fold": 2,
        "threshold": 0.26627300000000004,
        "auc": 1.0
      },
      {
        "genuine_pairs": 40,
        "impostor_pairs": 3120,
        "false_matches": 4,
        "false_non_matches": 3,
        "fmr": 0.001282051282051282,
        "fnmr": 0.075,
        "fmr_95ci": [
          0.0003494228109408621,
          0.003279278325690868
        ],
        "fnmr_95ci": [
          0.015742179851041534,
          0.20386474873289892
        ],
        "fold": 3,
        "threshold": 0.26627700000000004,
        "auc": 0.9642147435897435
      },
      {
        "genuine_pairs": 40,
        "impostor_pairs": 3120,
        "false_matches": 6,
        "false_non_matches": 2,
        "fmr": 0.0019230769230769232,
        "fnmr": 0.05,
        "fmr_95ci": [
          0.0007060520513827328,
          0.004180994938470421
        ],
        "fnmr_95ci": [
          0.006113646599350838,
          0.16919686395941758
        ],
        "fold": 4,
        "threshold": 0.26740900000000006,
        "auc": 0.9968589743589743
      }
    ]
  },
  "final_fit_metrics": {
    "genuine_pairs": 200,
    "impostor_pairs": 79600,
    "false_matches": 79,
    "false_non_matches": 8,
    "fmr": 0.0009924623115577888,
    "fnmr": 0.04,
    "fmr_95ci": [
      0.0007858180616496267,
      0.0012367529608714562
    ],
    "fnmr_95ci": [
      0.017424808994480605,
      0.07729196822601608
    ]
  },
  "limitations": [
    "LFW is a research dataset",
    "pair trials sharing identities are correlated",
    "calibrated score is not a real-world identity probability"
  ]
}